Page_No,Name,Price,Rating
1,"Tecno Pova 7 Pro 5G (Dynamic Grey, 128 GB)","₹18,999",4.5
1,"CMF by Nothing Phone 2 Pro (Orange, 128 GB)","₹18,999",4.4
1,"POCO C75 5G (Enchanted Green, 64 GB)","₹7,699",4.3
1,"POCO C75 5G (Aqua Bliss, 64 GB)","₹7,699",4.3
1,"POCO C75 5G (Silver Stardust, 64 GB)","₹7,699",4.3
1,"Tecno Pova 6 Neo 5G (Azure Sky, 128 GB)","₹11,999",4.3
1,"vivo T4x 5G (Marine Blue, 128 GB)","₹13,999",4.4
1,"vivo T4 Lite 5G Charger in the Box (Prism Blue, 128 GB)","₹9,999",4.5
1,"POCO M6 Plus 5G (Graphite Black, 128 GB)","₹10,080",4.2
1,"vivo T4x 5G (Pronto Purple, 128 GB)","₹13,999",4.4
1,"Samsung Galaxy F06 5G (Bahama Blue, 128 GB)","₹8,499",4.1
1,"Motorola g45 5G (Brilliant Blue, 128 GB)","₹10,999",4.3
1,"vivo T4 Lite 5G Charger in the Box (Prism Blue, 256 GB)","₹12,999",4.4
1,"MOTOROLA g35 5G (Midnight Black, 128 GB)","₹9,999",4.2
1,"OPPO K13x 5G 6000mAh and 45W SUPERVOOC Charger & AI (Midnight Violet, 128 GB)","₹11,999",4.6
1,"POCO M6 Plus 5G (Ice Silver, 128 GB)","₹10,080",4.2
1,"POCO M7 5G (Mint Green, 128 GB)","₹9,299",4.1
1,"OPPO K13 5G with 7000mAh and 80W SUPERVOOC Charger In-The-Box (Icy Purple, 256 GB)","₹19,999",4.5
1,"POCO M7 5G (Ocean Blue, 128 GB)","₹9,299",4.1
1,"Motorola g45 5G (Brilliant Green, 128 GB)","₹11,999",4.3
1,"POCO M7 5G  - Locked with Airtel Prepaid (Mint Green, 128 GB)","₹8,799",4.1
1,"Samsung Galaxy F16 5G (Vibing Blue, 128 GB)","₹13,499",4.2
1,"vivo T4x 5G (Pronto Purple, 256 GB)","₹16,999",4.5
1,"Motorola g45 5G (Brilliant Blue, 128 GB)","₹11,999",4.3
2,"vivo T4 Lite 5G Charger in the Box (Titanium Gold, 128 GB)","₹9,999",4.5
2,"OPPO K13 5G with 7000mAh and 80W SUPERVOOC Charger In-The-Box (Prism Black, 128 GB)","₹17,999",4.5
2,"Tecno Pova 7 Pro 5G (Dynamic Grey, 128 GB)","₹18,999",4.5
2,"CMF by Nothing Phone 2 Pro (Orange, 128 GB)","₹18,999",4.4
2,"POCO M7 Pro 5G (Olive Twilight, 128 GB)","₹12,999",4.3
2,"vivo T4 Lite 5G Charger in the Box (Titanium Gold, 128 GB)","₹10,999",4.5
2,"realme P3x 5G (Midnight Blue, 128 GB)","₹12,999",4.4
2,"Motorola G85 5G (Olive Green, 128 GB)","₹15,999",4.4
2,"OPPO K13x 5G 6000mAh and 45W SUPERVOOC Charger & AI (Sunset Peach, 128 GB)","₹12,999",4.7
2,"vivo T4x 5G (Marine Blue, 256 GB)","₹16,999",4.5
2,"Motorola g45 5G (Viva Magenta, 128 GB)","₹11,999",4.3
2,"Motorola G85 5G (Viva Magenta, 128 GB)","₹15,999",4.4
2,"OPPO K13x 5G 6000mAh and 45W SUPERVOOC Charger & AI (Midnight Violet, 128 GB)","₹12,999",4.7
2,"MOTOROLA g35 5G (Guava Red, 128 GB)","₹9,999",4.2
2,"Infinix Note 50x 5G+ (Sea Breeze Green, 128 GB)","₹11,499",4.3
2,"Samsung Galaxy F06 5G (Bahama Blue, 128 GB)","₹9,799",4.1
2,"Tecno Pova 6 Neo 5G (Midnight Shadow, 128 GB)","₹11,999",4.3
2,"vivo T4x 5G (Pronto Purple, 128 GB)","₹14,999",4.5
2,"Motorola Edge 50 Fusion (Forest Blue, 128 GB)","₹18,999",4.4
2,"Motorola g45 5G (Brilliant Green, 128 GB)","₹10,999",4.3
2,"POCO M7 Pro 5G (Lunar Dust, 128 GB)","₹12,999",4.3
2,"Samsung Galaxy F16 5G (Bling Black, 128 GB)","₹11,999",4.2
2,"Motorola g45 5G (Viva Magenta, 128 GB)","₹10,999",4.3
2,"OPPO K13 5G with 7000mAh and 80W SUPERVOOC Charger In-The-Box (Icy Purple, 128 GB)","₹17,999",4.5
3,"POCO X7 5G (Glacier Green, 128 GB)","₹15,999",4.3
3,"OPPO K13x 5G 6000mAh and 45W SUPERVOOC Charger & AI (Midnight Violet, 128 GB)","₹14,999",4.5
3,"Tecno Pova 7 Pro 5G (Dynamic Grey, 128 GB)","₹18,999",4.5
3,"CMF by Nothing Phone 2 Pro (Orange, 128 GB)","₹18,999",4.4
3,"POCO X7 5G (Cosmic Silver, 128 GB)","₹15,999",4.3
3,"OPPO K13x 5G 6000mAh and 45W SUPERVOOC Charger & AI (Sunset Peach, 128 GB)","₹11,999",4.6
3,"Motorola G85 5G (Cobalt Blue, 128 GB)","₹15,999",4.4
3,"REDMI 13 5G (Orchid Pink, 128 GB)","₹13,999",4.3
3,"Motorola g64 5G (Ice Lilac, 128 GB)","₹13,999",4.3
3,"Samsung Galaxy F06 5G (Lit Violet, 128 GB)","₹9,799",4.1
3,"realme P3 5G (Space Silver, 128 GB)","₹16,999",4.4
3,"Motorola g45 5G (Pink Lavender, 128 GB)","₹11,999",4.3
3,"POCO M7 5G (Mint Green, 128 GB)","₹10,499",4.2
3,"vivo T4 Lite 5G Charger in the Box (Prism Blue, 128 GB)","₹10,999",4.5
3,"POCO M6 Plus 5G (Ice Silver, 128 GB)","₹11,499",4.2
3,"realme P2 Pro 5G (Parrot Green, 256 GB)","₹18,999",4.4
3,"Tecno Pova 6 Neo 5G (Aurora Cloud, 128 GB)","₹11,999",4.3
3,"POCO M7 5G (Satin Black, 128 GB)","₹9,299",4.1
3,"realme GT 6 (Razor Green, 256 GB)","₹28,999",4.5
3,"realme GT 6 (Fluid Silver, 256 GB)","₹27,999",4.5
3,"vivo T4 5G (Phantom Grey, 256 GB)","₹25,999",4.5
3,"realme P3x 5G (Stellar Pink, 128 GB)","₹12,999",4.4
3,"REDMI 13 5G (Orchid Pink, 128 GB)","₹12,499",4.3
3,"Samsung Galaxy F06 5G (Lit Violet, 128 GB)","₹8,499",4.1
4,"POCO X7 5G (Yellow, 128 GB)","₹15,999",4.3
4,"realme P2 Pro 5G (Parrot Green, 512 GB)","₹23,999",4.4
4,"realme 14 Pro+ 5G (Suede Grey, 256 GB)","₹34,999",4.4
4,"realme P3 5G (Space Silver, 128 GB)","₹15,999",4.4
4,"Tecno Pova 7 Pro 5G (Dynamic Grey, 128 GB)","₹18,999",4.5
4,"CMF by Nothing Phone 2 Pro (Orange, 128 GB)","₹18,999",4.4
4,"Motorola g64 5G (Berry Red, 256 GB)","₹15,999",4.2
4,"realme P3x 5G (Midnight Blue, 128 GB)","₹13,999",4.4
4,"Tecno Pova 6 Neo 5G (Azure Sky, 256 GB)","₹13,999",4
4,"Motorola Edge 50 Fusion (Marshmallow Blue, 128 GB)","₹18,999",4.4
4,"vivo T4 Lite 5G Charger in the Box (Titanium Gold, 256 GB)","₹12,999",4.4
4,"realme 14x 5G (Jewel Red, 128 GB)","₹14,999",4.3
4,"POCO M7 Pro 5G (Lavender Frost, 256 GB)","₹14,999",4.3
4,"MOTOROLA Edge 60 Fusion 5G (PANTONE Slipstream, 256 GB)","₹22,999",4.5
4,"Motorola Edge 50 Fusion (Forest Blue, 256 GB)","₹20,999",4.4
4,"POCO M7 Pro 5G (Olive Twilight, 256 GB)","₹14,999",4.3
4,"MOTOROLA Edge 60 Fusion 5G (PANTONE Zephyr, 256 GB)","₹22,999",4.5
4,"Tecno Pova Curve 5G (Geek Black, 128 GB)","₹15,999",4.3
4,"OPPO K13 5G with 7000mAh and 80W SUPERVOOC Charger In-The-Box (Prism Black, 256 GB)","₹19,999",4.5
4,"vivo T4 5G (Emerald Blaze, 256 GB)","₹23,999",4.5
4,"Motorola Edge 50 Fusion (Marshmallow Blue, 256 GB)","₹20,999",4.4
4,"Samsung Galaxy A35 5G (Awesome Lilac, 128 GB)","₹19,999",4.3
4,"realme P3 5G (Space Silver, 256 GB)","₹18,499",4.4
4,"realme P3 Pro 5G (Saturn Brown, 128 GB)","₹19,999",4.4
5,"Tecno Pova 7 Pro 5G (Dynamic Grey, 128 GB)","₹18,999",4.5
5,"CMF by Nothing Phone 2 Pro (Orange, 128 GB)","₹18,999",4.4
5,"vivo T4 5G (Emerald Blaze, 128 GB)","₹21,999",4.5
5,"realme P1 Speed 5G (Textured Titanium, 128 GB)","₹14,748",4.3
5,"MOTOROLA Edge 60 Fusion 5G (PANTONE Mykonos Blue, 256 GB)","₹24,999",4.5
5,"Motorola G85 5G (Urban Grey, 128 GB)","₹15,999",4.4
5,"Samsung Galaxy F16 5G (Bling Black, 128 GB)","₹13,499",4.2
5,"REDMI A4 5G only on Jio SIM (Starry Black, 64 GB)","₹8,702",4.3
5,"realme P3 5G (Comet Grey, 128 GB)","₹16,999",4.4
5,"OPPO Reno14 5G (Forest Green, 256 GB)","₹37,999",4.4
5,"POCO M7 5G (Ocean Blue, 128 GB)","₹10,499",4.2
5,"POCO M7 Pro 5G (Lavender Frost, 128 GB)","₹12,999",4.3
5,"REDMI 13 5G (Hawaiian Blue, 128 GB)","₹11,990",4.3
5,"vivo T4 5G (Phantom Grey, 128 GB)","₹21,999",4.5
5,"Infinix Note 50x 5G+ (Titanium Grey, 128 GB)","₹12,999",4.3
5,"realme 14x 5G (Crystal Black, 128 GB)","₹14,999",4.3
5,"OPPO F27 Pro+ (Midnight Navy, 128 GB)","₹18,749",4.4
5,"Motorola g64 5G (Berry Red, 128 GB)","₹13,999",4.3
5,"Samsung Galaxy A35 5G (Awesome Navy, 256 GB)","₹21,999",4.3
5,"IQOO Z10X 5G (Ultramarine, 256 GB)","₹16,999",4.3
5,"OPPO K12x 5G with 45W SUPERVOOC Charger In-The-Box (Breeze Blue, 256 GB)","₹15,999",4.4
5,"Motorola g64 5G (Mint Green, 256 GB)","₹15,999",4.2
5,"realme P3 5G (Nebula Pink, 128 GB)","₹15,999",4.4
5,"vivo T4x 5G (Marine Blue, 128 GB)","₹14,999",4.5
6,"Tecno Pova 7 Pro 5G (Dynamic Grey, 128 GB)","₹18,999",4.5
6,"CMF by Nothing Phone 2 Pro (Orange, 128 GB)","₹18,999",4.4
6,"IQOO Z10X 5G (Titanium, 128 GB)","₹15,990",4.3
6,"vivo T4 5G (Phantom Grey, 256 GB)","₹23,999",4.5
6,"Infinix Note 50s 5G+ (Burgundy Red, 128 GB)","₹15,999",4.4
6,"Infinix Hot 50 5G (Sage Green, 128 GB)","₹9,499",4.3
6,"realme C73 5G (Jade Green, 128 GB)","₹11,499",4.3
6,"realme Narzo 80x 5G (Sunlit Gold, 128 GB)","₹12,387",4.2
6,"OnePlus Nord CE4 lite 5G (ULTRA ORANGE, 128 GB)","₹16,919",4.4
6,"MOTOROLA Edge 60 Fusion 5G (PANTONE Slipstream, 256 GB)","₹24,999",4.5
6,"POCO M7 5G (Satin Black, 128 GB)","₹10,499",4.2
6,"Samsung Galaxy A06 5G (Black, 128 GB)","₹9,949",4
6,"Motorola Edge 50 Fusion (Hot Pink, 128 GB)","₹18,999",4.4
6,"IQOO Z10X 5G (Ultramarine, 128 GB)","₹14,397",4.4
6,"MOTOROLA Edge 60 Fusion 5G (PANTONE Mykonos Blue, 256 GB)","₹22,999",4.5
6,"realme 14 Pro+ 5G (Pearl White, 256 GB)","₹31,999",4.4
6,"OnePlus Nord CE4 lite 5G (MEGA BLUE, 128 GB)","₹16,860",4.4
6,"realme P3 Ultra 5G (Glowing Lunar White, 128 GB)","₹22,999",4.4
6,"realme P3x 5G (Lunar Silver, 128 GB)","₹12,999",4.4
6,"OPPO Reno14 5G (Forest Green, 256 GB)","₹39,999",4.6
6,"POCO F7 5G (Frost White, 256 GB)","₹31,999",4.4
6,"vivo T4 5G (Emerald Blaze, 256 GB)","₹25,999",4.5
6,"vivo T3 Ultra (Lunar Gray, 128 GB)","₹27,999",4.5
6,"realme P2 Pro 5G (Parrot Green, 128 GB)","₹16,999",4.4
7,"Motorola Edge 50 Fusion (Forest Green, 128 GB)","₹18,999",4.4
7,"Apple iPhone 15 (Blue, 128 GB)","₹64,900",4.6
7,"Tecno Pova 7 Pro 5G (Dynamic Grey, 128 GB)","₹18,999",4.5
7,"CMF by Nothing Phone 2 Pro (Orange, 128 GB)","₹18,999",4.4
7,"OnePlus Nord CE4 lite 5G (SUPER SILVER, 128 GB)","₹16,990",4.4
7,"realme Narzo 80x 5G (Sunlit Gold, 128 GB)","₹13,345",4.2
7,"Motorola g45 5G (Brilliant Blue, 128 GB)","₹10,999",4.3
7,"Infinix Note 50s 5G+ (Burgundy Red, 256 GB)","₹17,999",4.4
7,"Nothing Phone (3a) Pro (Black, 256 GB)","₹32,999",4.5
7,"realme GT 6 (Fluid Silver, 256 GB)","₹27,999",4.5
7,"realme GT 6 (Fluid Silver, 512 GB)","₹32,999",4.5
7,"realme Narzo 80x 5G (Deep Ocean, 128 GB)","₹12,408",4.2
7,"CMF by Nothing Phone 2 Pro (Black, 128 GB)","₹18,999",4.4
7,"IQOO Z10X 5G (Ultramarine, 128 GB)","₹15,386",4.3
7,"IQOO Z10X 5G (Titanium, 256 GB)","₹16,999",4.3
7,"Google Pixel 8a (Porcelain, 128 GB)","₹37,999",4.3
7,"realme Narzo 80x 5G (Sunlit Gold, 128 GB)","₹12,387",4.2
7,"CMF by Nothing Phone 2 Pro (Light Green, 256 GB)","₹20,999",4.4
7,"CMF by Nothing Phone 2 Pro (Light Green, 128 GB)","₹18,999",4.4
7,"Samsung Galaxy S24 FE 5G (Graphite, 128 GB)","₹35,999",4.5
7,"Samsung Galaxy S24 FE 5G (Blue, 256 GB)","₹41,999",4.5
7,"Samsung Galaxy S24 FE 5G (Mint, 256 GB)","₹41,999",4.5
7,"Samsung Galaxy S24 FE 5G (Mint, 128 GB)","₹35,999",4.5
7,"REDMI 13 5G (Orchid Pink, 128 GB)","₹12,499",4.3
8,"Samsung Galaxy A35 5G (Awesome Navy, 128 GB)","₹19,999",4.3
8,"REDMI A4 5G only on Jio SIM (Sparkle Purple, 64 GB)","₹8,997",4.3
8,"Tecno Pova 7 Pro 5G (Dynamic Grey, 128 GB)","₹18,999",4.5
8,"CMF by Nothing Phone 2 Pro (Orange, 128 GB)","₹18,999",4.4
8,"REDMI 13 5G (Orchid Pink, 128 GB)","₹12,499",4.3
8,"Infinix Note 50s 5G+ (Titanium Grey, 128 GB)","₹15,999",4.4
8,"Infinix Note 50s 5G+ (Burgundy Red, 128 GB)","₹15,999",4.4
8,"Motorola g45 5G (Brilliant Green, 128 GB)","₹10,999",4.3
8,"Apple iPhone 16 Pro (Black Titanium, 256 GB)","₹1,19,900",4.6
8,"realme P3 Ultra 5G (Orion Red, 256 GB)","₹24,999",4.4
8,"realme P3 Ultra 5G (Neptune Blue, 128 GB)","₹22,999",4.4
8,"Infinix Note 50s 5G+ (Titanium Grey, 128 GB)","₹14,999",4.4
8,"Nothing Phone (3a) Pro (Grey, 256 GB)","₹30,999",4.5
8,"Nothing Phone (3a) Pro (Black, 256 GB)","₹30,999",4.5
8,"Nothing Phone (3a) Pro (Black, 128 GB)","₹28,999",4.5
8,"Nothing Phone (3a) Pro (Grey, 128 GB)","₹28,999",4.5
8,"realme Narzo 80x 5G (Deep Ocean, 128 GB)","₹13,369",4.2
8,"Infinix Note 50s 5G+ (Marine Drift, 128 GB)","₹14,999",4.4
8,"CMF by Nothing Phone 2 Pro (White, 256 GB)","₹20,999",4.4
8,"CMF by Nothing Phone 2 Pro (Black, 256 GB)","₹20,999",4.4
8,"IQOO Z10X 5G (Ultramarine, 128 GB)","₹13,989",4.4
8,"POCO F7 5G (Cyber Silver Edition, 256 GB)","₹31,999",4.4
8,"POCO M7 5G (Ocean Blue, 128 GB)","₹9,299",4.1
8,"REDMI 13 5G (Hawaiian Blue, 128 GB)","₹11,995",4.3
10,"Tecno Pova 7 Pro 5G (Dynamic Grey, 128 GB)","₹18,999",4.5
10,"CMF by Nothing Phone 2 Pro (Orange, 128 GB)","₹18,999",4.4
10,"POCO X7 5G (Cosmic Silver, 128 GB)","₹15,999",4.3
10,"OPPO F27 Pro+ (Dusk Pink, 256 GB)","₹20,749",4.4
10,"Motorola Edge 50 Fusion (Hot Pink, 128 GB)","₹18,999",4.4
10,"OPPO Reno14 5G (Forest Green, 512 GB)","₹42,999",4.6
10,"OPPO Reno14 5G (Pearl White, 256 GB)","₹39,999",4.6
10,"OPPO F27 Pro+ (Dusk Pink, 128 GB)","₹18,749",4.4
10,"realme P3 Ultra 5G (Neptune Blue, 256 GB)","₹24,999",4.4
10,"POCO X7 Pro 5G (Yellow, 256 GB)","₹22,999",4.3
10,"Apple iPhone 16 Pro (Black Titanium, 128 GB)","₹1,09,900",4.6
10,"Infinix Note 50x 5G+ (Titanium Grey, 128 GB)","₹11,499",4.3
10,"Infinix Note 50x 5G+ (Enchanted Purple, 128 GB)","₹12,999",4.3
10,"Infinix Note 50x 5G+ (Sea Breeze Green, 128 GB)","₹11,499",4.3
10,"Infinix Note 50x 5G+ (Enchanted Purple, 128 GB)","₹11,499",4.3
10,"Samsung Galaxy S24 5G (Cobalt Violet, 128 GB)","₹46,999",4.6
10,"Infinix GT 30 Pro 5G+ (Blade White, 256 GB)","₹26,999",4.5
10,"Infinix GT 30 Pro 5G+ (Blade White, 256 GB)","₹24,999",4.5
10,"Samsung Galaxy S24 5G (Cobalt Violet, 256 GB)","₹52,999",4.6
10,"OnePlus 13R 5g (Astral Trail, 256 GB)","₹39,519",4.5
10,"Samsung Galaxy A35 5G (Awesome Iceblue, 128 GB)","₹19,999",4.3
10,"Samsung Galaxy S24 5G (Marble Gray, 256 GB)","₹52,999",4.6
10,"OnePlus 13R 5G (Astral Trail, 512 GB)","₹44,997",4.5
10,"MOTOROLA Edge 60 Stylus (PANTONE Gibraltar Sea, 256 GB)","₹22,999",4.3
11,"Tecno Pova 7 Pro 5G (Dynamic Grey, 128 GB)","₹18,999",4.5
11,"CMF by Nothing Phone 2 Pro (Orange, 128 GB)","₹18,999",4.4
11,"Samsung Galaxy A55 5G (Awesome Iceblue, 256 GB)","₹28,950",4.4
11,"Infinix GT 30 Pro 5G+ (Dark Flare, 256 GB)","₹24,999",4.5
11,"Infinix GT 30 Pro 5G+ (Dark Flare, 256 GB)","₹26,999",4.5
11,"REDMI 13 5G (Hawaiian Blue, 128 GB)","₹11,990",4.3
11,"vivo T3 Pro 5G (Emerald Green, 256 GB)","₹24,999",4.5
11,"OPPO F27 Pro+ (Midnight Navy, 256 GB)","₹20,749",4.4
11,"vivo T3 Pro 5G (Emerald Green, 128 GB)","₹22,999",4.5
11,"vivo T3 Pro 5G (Sandstone Orange, 128 GB)","₹22,999",4.5
11,"POCO M7 Pro 5G (Lavender Frost, 256 GB)","₹14,999",4.3
11,"realme P3 Ultra 5G (Glowing Lunar White, 256 GB)","₹26,999",4.5
11,"POCO X7 Pro 5G (Obsidian Black, 256 GB)","₹24,999",4.4
11,"IQOO Z9s 5G (Titanium Matte, 128 GB)","₹18,410",4.4
11,"vivo T4 Ultra 5G (Meteor Grey, 256 GB)","₹37,999",4.5
11,"vivo T4 Ultra 5G (Meteor Grey, 256 GB)","₹39,999",4.5
11,"vivo T4 Ultra 5G (Phoenix Gold, 512 GB)","₹41,999",4.5
11,"OPPO Reno14 5G (Forest Green, 256 GB)","₹39,999",4.6
11,"realme P3 Ultra 5G (Orion Red, 128 GB)","₹22,999",4.4
11,"POCO X7 5G (Glacier Green, 128 GB)","₹15,999",4.3
11,"realme P2 Pro 5G (Parrot Green, 256 GB)","₹18,999",4.4
11,"realme P3 Pro 5G (Saturn Brown, 256 GB)","₹20,999",4.4
11,"vivo T3 Pro 5G (Sandstone Orange, 256 GB)","₹24,999",4.5
11,"realme P3 Ultra 5G (Glowing Lunar White, 128 GB)","₹22,999",4.4
12,"MOTOROLA Edge 60 Pro (Pantone Dazzling Blue, 256 GB)","₹29,999",4.4
12,"IQOO Z9s 5G (Onyx Green, 128 GB)","₹18,969",4.4
12,"Tecno Pova 7 Pro 5G (Dynamic Grey, 128 GB)","₹18,999",4.5
12,"CMF by Nothing Phone 2 Pro (Orange, 128 GB)","₹18,999",4.4
12,"OnePlus 13R 5G (Nebula Noir, 256 GB)","₹39,390",4.5
12,"Google Pixel 9A (Porcelain, 256 GB)","₹49,999",4.5
12,"POCO M6 Plus 5G (Ice Silver, 128 GB)","₹11,499",4.2
12,"Infinix Note 50x 5G+ (Titanium Grey, 128 GB)","₹12,999",4.3
12,"REDMI 13 5G (Orchid Pink, 128 GB)","₹11,913",4.3
12,"IQOO Neo 10R 5G (Raging Blue, 256 GB)","₹27,848",4.5
12,"REDMI 13 5G (Black Diamond, 128 GB)","₹12,895",4.3
12,"IQOO Z10 5G (Glacier Silver / Silver, 256 GB)","₹25,800",4.4
12,"realme P2 Pro 5G (Parrot Green, 128 GB)","₹16,999",4.4
12,"Samsung Galaxy A16 5G (Light Green, 128 GB)","₹15,900",4.2
12,"Samsung Galaxy S24 Ultra 5G (Titanium Gray, 256 GB)","₹81,990",4.6
12,"Apple iPhone 16 Pro (Natural Titanium, 256 GB)","₹1,19,900",4.6
12,"Samsung Galaxy A55 5G (Awesome Navy, 128 GB)","₹26,925",4.4
12,"realme P1 Speed 5G (Textured Titanium, 128 GB)","₹14,748",4.3
12,"vivo T4 Ultra 5G (Phoenix Gold, 256 GB)","₹39,999",4.5
12,"Apple iPhone 16 Plus (Black, 128 GB)","₹79,999",4.6
12,"Samsung Galaxy A36 5G (Awesome White, 128 GB)","₹30,999",4.3
12,"realme P1 Speed 5G (Brushed Blue, 256 GB)","₹16,470",4.3
12,"Apple iPhone 13 (Starlight, 128 GB)","₹44,999",4.6
12,"IQOO Neo 10R 5G (MoonKnight Titanium, 128 GB)","₹26,843",4.5
13,"IQOO Neo 10R 5G (Raging Blue, 128 GB)","₹26,903",4.5
13,"POCO X7 Pro 5G (Nebula Green, 256 GB)","₹24,999",4.4
13,"Tecno Pova 7 Pro 5G (Dynamic Grey, 128 GB)","₹18,999",4.5
13,"CMF by Nothing Phone 2 Pro (Orange, 128 GB)","₹18,999",4.4
13,"MOTOROLA Edge 60 Pro (Pantone Sparkling Grape, 256 GB)","₹33,999",4.4
13,"Samsung Galaxy S24 Ultra 5G (Titanium Black, 256 GB)","₹81,000",4.6
13,"vivo T4 Ultra 5G (Phoenix Gold, 256 GB)","₹37,999",4.5
13,"Apple iPhone 16 Pro (Desert Titanium, 128 GB)","₹1,09,900",4.6
13,"OPPO Reno14 5G (Forest Green, 256 GB)","₹37,999",4.4
13,"IQOO Neo 10R 5G (Raging Blue, 256 GB)","₹29,400",4.6
13,"MOTOROLA Edge 50 (Peach Fuzz, 256 GB)","₹21,999",4.3
13,"Motorola g64 5G (Mint Green, 256 GB)","₹15,999",4.2
13,"realme P3 Pro 5G (Galaxy Purple, 128 GB)","₹19,999",4.4
13,"realme P2 Pro 5G (Eagle Grey, 128 GB)","₹16,999",4.4
13,"realme P3 Pro 5G (Saturn Brown, 256 GB)","₹22,999",4.4
13,"realme 14 Pro 5G (Pearl White, 128 GB)","₹24,999",4.4
13,"realme 14x 5G (Jewel Red, 128 GB)","₹14,999",4.3
13,"realme 14x 5G (Golden Glow, 128 GB)","₹15,999",4.4
13,"realme P1 Speed 5G (Textured Titanium, 256 GB)","₹16,999",4.3
13,"Apple iPhone 15 (Black, 128 GB)","₹64,900",4.6
13,"Samsung Galaxy F16 5G (Vibing Blue, 128 GB)","₹13,499",4.2
13,"IQOO Neo 10R 5G (MoonKnight Titanium, 256 GB)","₹29,500",4.6
13,"Google Pixel 9 (Obsidian, 256 GB)","₹69,999",4.6
13,"POCO X7 5G (Cosmic Silver, 256 GB)","₹17,999",4.3
14,"POCO X7 5G (Cosmic Silver, 256 GB)","₹17,999",4.3
14,"REDMI 13 5G (Black Diamond, 128 GB)","₹13,999",4.3
14,"Motorola g64 5G (Berry Red, 128 GB)","₹13,999",4.3
14,"IQOO Z10 5G (Stellar Black / Black, 256 GB)","₹25,599",4.4
14,"Tecno Pova 7 Pro 5G (Dynamic Grey, 128 GB)","₹18,999",4.5
14,"CMF by Nothing Phone 2 Pro (Orange, 128 GB)","₹18,999",4.4
14,"POCO F7 5G (Frost White, 256 GB)","₹31,999",4.4
14,"Samsung Galaxy M35 5G (DayBreak Blue, 128 GB)","₹18,390",4.3
14,"realme 14 Pro 5G (Pearl White, 256 GB)","₹26,999",4.4
14,"realme 14 Pro 5G (Jaipur Pink, 128 GB)","₹24,999",4.4
14,"Samsung Galaxy F06 5G (Lit Violet, 64 GB)","₹7,999",4.1
14,"OnePlus 13R 5G (Nebula Noir, 256 GB)","₹39,399",4.5
14,"realme P1 Speed 5G (Brushed Blue, 128 GB)","₹14,733",4.3
14,"REDMI A4 5G only on Jio SIM (Starry Black, 64 GB)","₹8,495",4.3
14,"Samsung Galaxy M35 5G (DayBreak Blue, 256 GB)","₹20,999",4.3
14,"IQOO Z10 5G (Stellar Black / Black, 256 GB)","₹23,738",4.4
14,"realme 14x 5G (Crystal Black, 128 GB)","₹14,999",4.3
14,"Samsung Galaxy A06 5G (Light Gray, 128 GB)","₹10,499",4
14,"Apple iPhone 16 Plus (White, 128 GB)","₹79,999",4.6
14,"Apple iPhone 16 Pro (White Titanium, 128 GB)","₹1,09,900",4.6
14,"Google Pixel 9A (Obsidian, 256 GB)","₹49,999",4.5
14,"realme 14x 5G (Golden Glow, 128 GB)","₹14,999",4.3
14,"realme 14x 5G (Jewel Red, 128 GB)","₹15,999",4.4
14,"realme 14x 5G (Crystal Black, 128 GB)","₹15,999",4.4
15,"Tecno Pova 7 Pro 5G (Dynamic Grey, 128 GB)","₹18,999",4.5
15,"CMF by Nothing Phone 2 Pro (Orange, 128 GB)","₹18,999",4.4
15,"REDMI 14C 5G (Stardust Purple, 64 GB)","₹9,499",4.2
15,"Samsung Galaxy M16 5G (Mint Green, 128 GB)","₹15,983",4.3
15,"IQOO Z10 5G (Glacier Silver / Silver, 128 GB)","₹21,851",4.4
15,"OPPO A5 5G (Aurora Green, 128 GB)","₹15,499",4.6
15,"Google Pixel 8 Pro (Bay, 128 GB)","₹59,999",4.4
15,"Infinix Hot 50 5G (Vibrant Blue, 128 GB)","₹9,499",4.3
15,"vivo T3 Lite 5G (Vibrant Green, 128 GB)","₹11,499",4.4
15,"vivo T3 Lite 5G (Vibrant Green, 128 GB)","₹10,499",4.4
15,"IQOO Z10 5G (Stellar Black / Black, 128 GB)","₹21,979",4.4
15,"OnePlus Nord CE4 (Dark Chrome, 256 GB)","₹24,957",4.4
15,"Infinix Hot 50 5G (Vibrant Blue, 128 GB)","₹10,499",4.4
15,"Infinix Hot 50 5G (Sage Green, 128 GB)","₹10,499",4.4
15,"Infinix Hot 50 5G (Sleek Black, 128 GB)","₹9,499",4.3
15,"realme 14T 5G (Obsidian Black, 128 GB)","₹17,999",4.3
15,"Google Pixel 8a (Aloe, 128 GB)","₹37,999",4.3
15,"POCO X7 Pro 5G (Yellow, 256 GB)","₹24,999",4.4
15,"Samsung Galaxy A16 5G (Blue Black, 128 GB)","₹15,698",4.2
15,"Xiaomi 14 CIVI (Cruise Blue, 512 GB)","₹38,999",4.4
15,"vivo V50 5G (Titanium Grey, 128 GB)","₹34,999",4.5
15,"REDMI Note 14 5G (Phantom Purple, 128 GB)","₹16,989",4.3
15,"realme Narzo 80 Pro 5G (Speed Silver, 256 GB)","₹22,990",4.7
15,"Samsung Galaxy M35 5G (Moonlight Blue, 256 GB)","₹19,990",4.3
16,"Tecno Pova 7 Pro 5G (Dynamic Grey, 128 GB)","₹18,999",4.5
16,"CMF by Nothing Phone 2 Pro (Orange, 128 GB)","₹18,999",4.4
16,"Apple iPhone 16 Pro (Desert Titanium, 512 GB)","₹1,39,900",4.6
16,"OPPO A5 5G (Mist White, 128 GB)","₹15,499",4.6
16,"Samsung Galaxy A36 5G (Awesome Black, 128 GB)","₹30,999",4.3
16,"vivo V50 5G (Rose Red, 128 GB)","₹34,999",4.5
16,"vivo V50 5G (Rose Red, 256 GB)","₹36,999",4.5
16,"vivo V50 5G (Starry Night, 256 GB)","₹36,999",4.5
16,"Apple iPhone 16 Pro Max (Black Titanium, 256 GB)","₹1,34,900",4.7
16,"OnePlus Nord CE4 (Dark Chrome, 256 GB)","₹23,445",4.4
16,"Samsung Galaxy A36 5G (Awesome Lavender, 256 GB)","₹36,999",4.2
16,"CMF by Nothing Phone 1 (Black, 128 GB)","₹17,999",4.4
16,"CMF by Nothing Phone 1 (Light Green, 128 GB)","₹17,999",4.4
16,"CMF by Nothing Phone 1 (Orange, 128 GB)","₹15,999",4.4
16,"CMF by Nothing Phone 1 (Orange, 128 GB)","₹17,999",4.4
16,"CMF by Nothing Phone 1 (Blue, 128 GB)","₹15,999",4.4
16,"CMF by Nothing Phone 1 (Light Green, 128 GB)","₹15,999",4.4
16,"REDMI Note 14 5G (Titan Black, 128 GB)","₹16,975",4.3
16,"Samsung Galaxy S24 Ultra 5G (Titanium Violet, 256 GB)","₹81,536",4.6
16,"vivo V50 5G (Starry Night, 512 GB)","₹40,999",4.5
16,"IQOO Z9S 5G (Titanium Matte, 256 GB)","₹27,988",4.4
16,"IQOO Z9S 5G (Onyx Green, 256 GB)","₹25,749",4.4
16,"OnePlus 13s 5G (Green Silk, 256 GB)","₹52,800",4.4
16,"Samsung Galaxy A15 5G (Blue Black, 128 GB)","₹15,990",4.3
17,"vivo V50 5G (Titanium Grey, 256 GB)","₹36,999",4.5
17,"Samsung Galaxy A36 5G (Awesome Black, 256 GB)","₹33,999",4.3
17,"Tecno Pova 7 Pro 5G (Dynamic Grey, 128 GB)","₹18,999",4.5
17,"CMF by Nothing Phone 2 Pro (Orange, 128 GB)","₹18,999",4.4
17,"realme 14T 5G (Obsidian Black, 256 GB)","₹19,999",4.3
17,"realme 14T 5G (Lightning Purple, 256 GB)","₹19,999",4.3
17,"Apple iPhone 16e (Black, 128 GB)","₹54,900",4.6
17,"REDMI 14C 5G (Stardust Purple, 128 GB)","₹11,174",4.2
17,"OnePlus Nord CE4 (Dark Chrome, 128 GB)","₹24,997",4.4
17,"IQOO Z9x (Storm Grey, 128 GB)","₹14,145",4.2
17,"Samsung M06 5G (Blazing Black, 128 GB)","₹11,495",4
17,"Samsung Galaxy A36 5G (Awesome White, 256 GB)","₹33,999",4.3
17,"Samsung Galaxy A15 5G (Light Blue, 128 GB)","₹16,990",4.3
17,"Samsung Galaxy A56 5G (Awesome Light Gray, 256 GB)","₹38,999",4.3
17,"IQOO Z9x (Tornado Green, 128 GB)","₹13,490",4.2
17,"OnePlus Nord 4 5G (Mercurial Silver, 256 GB)","₹27,308",4.5
17,"Samsung M06 5G (Sage Green, 128 GB)","₹11,495",4
17,"realme NARZO 80 Pro 5G (Nitro Orange, 256 GB)","₹22,972",4.7
17,"realme NARZO 80 Pro 5G (Nitro Orange, 256 GB)","₹24,980",4.4
17,"POCO C75 5G (Enchanted Green, 128 GB)","₹8,499",4.3
17,"realme C75 5G (Purple Blossom, 128 GB)","₹12,999",4.4
17,"realme C75 5G (Midnight Lily, 128 GB)","₹12,999",4.4
17,"realme 13 Pro+ 5G (Monet Purple, 256 GB)","₹25,999",4.4
17,"Samsung Galaxy A15 5G (Blue Black, 128 GB)","₹16,999",4.3
18,"realme C73 5G (Onyx Black, 128 GB)","₹11,499",4.3
18,"Samsung Galaxy A16 5G (Gold, 128 GB)","₹17,499",4.2
18,"Tecno Pova 7 Pro 5G (Dynamic Grey, 128 GB)","₹18,999",4.5
18,"CMF by Nothing Phone 2 Pro (Orange, 128 GB)","₹18,999",4.4
18,"Samsung Galaxy A16 5G (Gold, 256 GB)","₹20,499",4.2
18,"Samsung Galaxy M56 5G (Light Green, 128 GB)","₹24,885",4.5
18,"Google Pixel 8a (Obsidian, 256 GB)","₹44,999",4.3
18,"REDMI Note 13 Pro+ 5G (Fusion Black, 256 GB)","₹35,998",4.2
18,"OPPO A3x 5G (Starlight White, 128 GB)","₹12,499",4.2
18,"realme C75 5G (Lily White, 128 GB)","₹12,999",4.4
18,"Motorola Edge 50 Neo (PANTONE Nautical Blue, 256 GB)","₹19,999",4.4
18,"Google Pixel 9 Pro XL (Hazel, 256 GB)","₹1,04,999",4.6
18,"Infinix Note 40 Pro 5G (Racing Grey, 256 GB)","₹18,999",4.2
18,"OnePlus Nord 4 5G (Obsidian Midnight, 256 GB)","₹27,777",4.5
18,"realme NARZO N65 5G (AMBER GOLD, 128 GB)","₹10,610",4.3
18,"realme Narzo N65 5G (Amber Gold, 128 GB)","₹10,635",4.3
18,"realme C75 5G (Lily White, 128 GB)","₹13,999",4.3
18,"Samsung M55s (Thunder Black, 128 GB)","₹16,284",4.1
18,"Samsung Galaxy S25 5G (Silver Shadow, 256 GB)","₹80,999",4.6
18,"Samsung Galaxy M35 5G (Moonlight Blue, 128 GB)","₹20,999",4.4
18,"Google Pixel 9 Pro XL (Porcelain, 256 GB)","₹1,04,999",4.6
18,"Honor 200 5G (Black, 256 GB)","₹23,999",4.4
18,"realme Narzo N65 5G (Deep Green, 128 GB)","₹10,649",4.3
18,"realme 13 Pro+ 5G (Monet Gold, 256 GB)","₹26,999",4.4
20,"Tecno Pova 7 Pro 5G (Dynamic Grey, 128 GB)","₹18,999",4.5
20,"CMF by Nothing Phone 2 Pro (Orange, 128 GB)","₹18,999",4.4
20,"realme 13 Pro+ 5G (Emerald Green, 256 GB)","₹25,999",4.4
20,"REDMI Note 14 Pro 5G (Champagne Gold, 128 GB)","₹22,999",4.3
20,"Samsung Galaxy S23 5G (Phantom Black, 128 GB)","₹44,999",4.6
20,"realme NARZO N65 5G (AMBER GOLD, 128 GB)","₹12,499",4.3
20,"Samsung Galaxy F56 5G (Violet, 256 GB)","₹29,799",4.4
20,"OPPO A5x 5G (Midnight Blue, 128 GB)","₹12,999",4.2
20,"OPPO A5x 5G (Laser White, 128 GB)","₹12,999",4.2
20,"OnePlus 13s 5G (Black Velvet, 256 GB)","₹52,829",4.4
20,"vivo Y58 5G (Sundarbans Green, 128 GB)","₹16,689",4.4
20,"realme 13 Pro+ 5G (Monet Gold, 256 GB)","₹25,999",4.4
20,"Apple iPhone 16 Pro Max (White Titanium, 256 GB)","₹1,34,900",4.7
20,"Google Pixel 9 (Peony, 256 GB)","₹69,999",4.6
20,"OPPO A3x 5G (Starry Purple, 64 GB)","₹11,499",4.2
20,"Samsung Galaxy M16 5G (Mint Green, 128 GB)","₹12,151",4.1
20,"Samsung Galaxy F16 5G (Glam Green, 128 GB)","₹12,999",4.2
20,"POCO M7 5G  - Locked with Airtel Prepaid (Mint Green, 128 GB)","₹8,799",4.1
20,"Tecno Spark 30C 5G (Azure Sky, 128 GB)","₹12,999",4.4
20,"Tecno Pop 9 5G (Aurora Cloud, 128 GB)","₹9,499",4
20,"Motorola Edge 50 Ultra 5G (Peach Fuzz, 512 GB)","₹44,999",4.3
20,"IQOO Neo 10 (Inferno Red, 512 GB)","₹43,180",4
20,"realme NARZO N65 5G (DEEP GREEN, 128 GB)","₹10,795",4.3
20,"REDMI 14C 5G (Stargaze Black, 128 GB)","₹11,696",4.2
9,"Samsung Galaxy F16 5G (Bling Black, 128 GB)","₹13,499",4.2
9,"POCO X7 5G (Yellow, 256 GB)","₹17,999",4.3
9,"Motorola g45 5G (Viva Magenta, 128 GB)","₹10,999",4.3
9,"Nothing Phone (3a) Pro (Grey, 256 GB)","₹32,999",4.5
9,"Tecno Pova 7 Pro 5G (Dynamic Grey, 128 GB)","₹18,999",4.5
9,"CMF by Nothing Phone 2 Pro (Orange, 128 GB)","₹18,999",4.4
9,"realme P3 Ultra 5G (Orion Red, 256 GB)","₹26,999",4.5
9,"Infinix Note 50x 5G+ (Sea Breeze Green, 128 GB)","₹12,999",4.3
9,"POCO M7 5G (Ocean Blue, 128 GB)","₹10,499",4.2
9,"Google Pixel 8a (Bay, 128 GB)","₹37,999",4.3
9,"Google Pixel 8a (Obsidian, 128 GB)","₹37,999",4.3
9,"realme GT 6 (Razor Green, 256 GB)","₹28,999",4.5
9,"vivo T3 5G (Cosmic Blue, 128 GB)","₹16,999",4.4
9,"vivo T3 5G (Crystal Flake, 256 GB)","₹18,499",4.4
9,"vivo T3 5G (Crystal Flake, 128 GB)","₹16,999",4.4
9,"realme GT 6 (Razor Green, 256 GB)","₹27,999",4.5
9,"Infinix Note 50s 5G+ (Titanium Grey, 256 GB)","₹17,999",4.4
9,"Infinix Note 50s 5G+ (Marine Drift, 256 GB)","₹17,999",4.4
9,"OPPO F27 Pro+ (Midnight Navy, 128 GB)","₹18,749",4.4
9,"Samsung Galaxy F06 5G (Lit Violet, 128 GB)","₹8,499",4.1
9,"realme GT 6 (Razor Green, 512 GB)","₹32,999",4.5
9,"realme GT 6 (Fluid Silver, 256 GB)","₹27,999",4.5
9,"Samsung Galaxy S24 5G (Onyx Black, 128 GB)","₹46,999",4.6
9,"Infinix Note 50s 5G+ (Marine Drift, 128 GB)","₹15,999",4.4
19,"vivo V40e 5G (Mint Green, 128 GB)","₹24,999",4.4
19,"Samsung Galaxy S25 5G (Navy, 256 GB)","₹80,999",4.6
19,"OPPO A3x 5G (Starlight White, 64 GB)","₹11,499",4.2
19,"realme Narzo 80 Pro 5G (Racing Green, 256 GB)","₹20,699",4.4
19,"Tecno Pova 7 Pro 5G (Dynamic Grey, 128 GB)","₹18,999",4.5
19,"CMF by Nothing Phone 2 Pro (Orange, 128 GB)","₹18,999",4.4
19,"Samsung Galaxy M16 5G (Mint Green, 128 GB)","₹12,721",4.3
19,"REDMI 13c 5G (Startrail Silver, 128 GB)","₹10,398",4.3
19,"vivo V40e 5G (Royal Bronze, 128 GB)","₹26,999",4.4
19,"Samsung Galaxy F06 5G (Bahama Blue, 64 GB)","₹7,999",4.1
19,"Samsung Galaxy M16 5G (Blush Pink, 128 GB)","₹12,097",4.1
19,"REDMI Note 14 Pro+ 5G (Phantom Purple, 512 GB)","₹32,999",4.4
19,"Tecno Spark 30C 5G (Azure Sky, 64 GB)","₹9,999",4.2
19,"realme Narzo N65 5G (AMBER GOLD, 128 GB)","₹13,399",4.2
19,"Infinix Note 40 Pro 5G (Vintage Green, 256 GB)","₹18,999",4.2
19,"REDMI Note 14 5G (Ivy Green, 128 GB)","₹17,140",4.3
19,"vivo V40e 5G (Royal Bronze, 256 GB)","₹26,999",4.4
19,"realme C75 5G (Midnight Lily, 128 GB)","₹13,999",4.3
19,"Samsung Galaxy M35 5G (Thunder Grey, 256 GB)","₹21,591",4.3
19,"realme C73 5G (Jade Green, 128 GB)","₹11,499",4.3
19,"realme 14 Pro Lite 5G (Glass Gold, 128 GB)","₹20,999",4.4
19,"realme 14 Pro Lite 5G (Glass Purple, 128 GB)","₹20,999",4.4
19,"Tecno Spark 30C 5G (Aurora Cloud, 64 GB)","₹9,999",4.2
19,"REDMI 13c 5G (Startrail Silver, 128 GB)","₹11,534",4.3
